timestamp,temp,humidity,tvoc,eCO2,pm1,pm2.5,pm10,temp_is_outlier,humidity_is_outlier,tvoc_is_outlier,eCO2_is_outlier,pm1_is_outlier,pm2.5_is_outlier,pm10_is_outlier,temp_is_interpolated,humidity_is_interpolated,tvoc_is_interpolated,eCO2_is_interpolated,pm1_is_interpolated,pm2.5_is_interpolated,pm10_is_interpolated
2025-09-29 22:55:50,23.01619718309859,85.0,497.0211267605634,400.32394366197184,11.647887323943662,18.161971830985916,20.0,0,0,0,0,0,0,0,True,True,True,True,True,True,True
2025-09-29 22:56:00,23.015845070422536,85.0,496.9119718309859,400.3169014084507,11.633802816901408,18.158450704225352,20.0,0,0,0,0,0,0,0,True,True,True,True,True,True,True
2025-09-29 22:56:10,23.015492957746478,85.0,496.80281690140845,400.3098591549296,11.619718309859156,18.154929577464788,20.0,0,0,0,0,0,0,0,True,True,True,True,True,True,True
2025-09-29 22:56:20,23.01514084507042,85.0,496.693661971831,400.30281690140845,11.605633802816902,18.151408450704224,20.0,0,0,0,0,0,0,0,True,True,True,True,True,True,True
2025-09-29 22:56:30,23.014788732394365,85.0,496.5845070422535,400.2957746478873,11.591549295774648,18.147887323943664,20.0,0,0,0,0,0,0,0,True,True,True,True,True,True,True
2025-09-29 22:56:40,23.01443661971831,85.0,496.4753521126761,400.2887323943662,11.577464788732394,18.1443661971831,20.0,0,0,0,0,0,0,0,True,True,True,True,True,True,True
2025-09-29 22:56:50,23.014084507042252,85.0,496.3661971830986,400.28169014084506,11.56338028169014,18.140845070422536,20.0,0,0,0,0,0,0,0,True,True,True,True,True,True,True
2025-09-29 22:57:00,23.013732394366194,85.0,496.25704225352115,400.2746478873239,11.549295774647888,18.137323943661972,20.0,0,0,0,0,0,0,0,True,True,True,True,True,True,True
2025-09-29 22:57:10,23.01338028169014,85.0,496.1478873239437,400.2676056338028,11.535211267605634,18.133802816901408,20.0,0,0,0,0,0,0,0,True,True,True,True,True,True,True
2025-09-29 22:57:20,23.013028169014085,85.0,496.0387323943662,400.2605633802817,11.52112676056338,18.130281690140844,20.0,0,0,0,0,0,0,0,True,True,True,True,True,True,True
2025-09-29 22:57:30,23.012676056338027,85.0,495.92957746478874,400.2535211267606,11.507042253521126,18.12676056338028,20.0,0,0,0,0,0,0,0,True,True,True,True,True,True,True
2025-09-29 22:57:40,23.012323943661972,85.0,495.82042253521126,400.2464788732394,11.492957746478872,18.12323943661972,20.0,0,0,0,0,0,0,0,True,True,True,True,True,True,True
2025-09-29 22:57:50,23.011971830985917,85.0,495.7112676056338,400.23943661971833,11.47887323943662,18.119718309859156,20.0,0,0,0,0,0,0,0,True,True,True,True,True,True,True
2025-09-29 22:58:00,23.01161971830986,85.0,495.6021126760563,400.2323943661972,11.464788732394366,18.116197183098592,20.0,0,0,0,0,0,0,0,True,True,True,True,True,True,True
2025-09-29 22:58:10,23.011267605633805,85.0,495.49295774647885,400.22535211267603,11.450704225352112,18.112676056338028,20.0,0,0,0,0,0,0,0,True,True,True,True,True,True,True
2025-09-29 22:58:20,23.01091549295775,85.0,495.3838028169014,400.21830985915494,11.43661971830986,18.109154929577464,20.0,0,0,0,0,0,0,0,True,True,True,True,True,True,True
2025-09-29 22:58:30,23.010211267605634,85.0,495.1654929577465,400.20422535211264,11.408450704225352,18.102112676056336,20.0,0,0,0,0,0,0,0,True,True,True,True,True,True,True
2025-09-29 22:58:40,23.009507042253524,85.0,494.94718309859155,400.19014084507046,11.380281690140844,18.095070422535212,20.0,0,0,0,0,0,0,0,True,True,True,True,True,True,True
2025-09-29 22:58:50,23.008802816901408,85.0,494.7288732394366,400.17605633802816,11.352112676056338,18.088028169014084,20.0,0,0,0,0,0,0,0,True,True,True,True,True,True,True
2025-09-29 22:59:00,23.0080985915493,85.0,494.5105633802817,400.1619718309859,11.323943661971832,18.08098591549296,20.0,0,0,0,0,0,0,0,True,True,True,True,True,True,True
2025-09-29 22:59:10,23.007394366197182,85.0,494.2922535211268,400.1478873239437,11.295774647887324,18.073943661971832,20.0,0,0,0,0,0,0,0,True,True,True,True,True,True,True
2025-09-29 22:59:20,23.006690140845073,85.0,494.07394366197184,400.1338028169014,11.295774647887324,18.066901408450704,20.0,0,0,0,0,0,0,0,True,True,True,True,True,True,True
2025-09-29 22:59:30,23.005985915492957,85.0,494.07394366197184,400.1197183098592,11.295774647887324,18.066901408450704,20.0,0,0,0,0,0,0,0,True,True,True,True,True,True,True
2025-09-29 22:59:40,23.005281690140848,85.0,494.07394366197184,400.1056338028169,11.295774647887324,18.066901408450704,20.0,0,0,0,0,0,0,0,True,True,True,True,True,True,True
2025-09-29 22:59:50,23.00457746478873,85.0,493.8556338028169,400.0915492957746,11.295774647887324,18.066901408450704,20.0,0,0,0,0,0,0,0,True,True,True,True,True,True,True
2025-09-29 23:00:00,23.003873239436622,85.0,493.8556338028169,400.0774647887324,11.295774647887324,18.066901408450704,20.0,0,0,0,0,0,0,0,True,True,True,True,True,True,True
2025-09-29 23:00:10,23.003169014084506,85.0,493.8556338028169,400.0633802816901,11.267605633802816,18.066901408450704,20.0,0,0,0,0,0,0,0,True,True,True,True,True,True,True
2025-09-29 23:00:20,23.002464788732397,85.0,493.63732394366195,400.04929577464793,11.23943661971831,18.066901408450704,20.0,0,0,0,0,0,0,0,True,True,True,True,True,True,True
2025-09-29 23:00:30,23.00176056338028,85.0,493.63732394366195,400.04929577464793,11.23943661971831,18.066901408450704,20.0,0,0,0,0,0,0,0,True,True,True,True,True,True,True
2025-09-29 23:00:40,23.00105633802817,85.0,493.63732394366195,400.03521126760563,11.23943661971831,18.066901408450704,20.0,0,0,0,0,0,0,0,True,True,True,True,True,True,True
2025-09-29 23:00:50,23.000352112676055,85.0,493.63732394366195,400.02112676056333,11.23943661971831,18.066901408450704,20.0,0,0,0,0,0,0,0,False,False,False,False,False,False,False
2025-09-29 23:01:00,23.0,85.0,493.63732394366195,400.00704225352115,11.23943661971831,18.066901408450704,20.0,0,0,0,0,0,0,0,False,False,False,False,False,False,False
2025-09-29 23:01:10,23.0,85.0,493.63732394366195,400.00704225352115,11.23943661971831,18.059859154929576,20.0,0,0,0,0,0,0,0,False,False,False,False,False,False,False
2025-09-29 23:01:20,23.0,85.0,493.63732394366195,400.00704225352115,11.23943661971831,18.059859154929576,20.0,0,0,0,0,0,1,0,False,False,False,False,False,False,False
2025-09-29 23:01:30,23.0,85.0,493.63732394366195,400.00704225352115,11.211267605633802,18.059859154929576,20.0,0,0,1,0,0,0,0,False,False,False,False,False,False,False
2025-09-29 23:01:40,23.0,85.0,493.63732394366195,400.00704225352115,11.183098591549296,18.052816901408452,20.0,0,0,0,0,0,0,0,False,False,False,False,False,False,False
2025-09-29 23:01:50,23.0,85.0,493.63732394366195,400.00704225352115,11.154929577464788,18.045774647887324,20.0,0,0,0,0,0,0,0,False,False,False,False,False,False,False
2025-09-29 23:02:00,23.0,85.0,493.63732394366195,400.00704225352115,11.126760563380282,18.038732394366196,20.0,0,0,0,0,0,0,0,False,False,False,False,False,False,False
2025-09-29 23:02:10,23.0,85.0,494.26408450704224,400.00704225352115,11.098591549295774,18.031690140845072,20.0,0,0,1,0,0,0,1,False,False,False,False,False,False,False
2025-09-29 23:02:20,23.0,85.0,496.5,400.00704225352115,11.070422535211268,18.024647887323944,20.0,0,0,0,0,0,0,0,False,False,False,False,False,False,False
2025-09-29 23:02:30,23.0,85.0,498.0,400.00704225352115,11.04225352112676,18.017605633802816,20.0,0,0,0,0,0,0,0,False,False,False,False,False,False,False
2025-09-29 23:02:40,23.0,85.0,499.5,400.00704225352115,11.014084507042254,18.017605633802816,20.0,0,0,0,0,0,1,1,False,False,False,False,False,False,False
2025-09-29 23:02:50,23.0,85.0,501.0,400.00704225352115,11.0,18.017605633802816,20.0,0,0,0,1,0,0,0,False,False,False,False,False,False,False
2025-09-29 23:03:00,23.0,85.0,506.5,400.00704225352115,11.0,18.507042253521128,20.0,0,0,0,0,0,0,0,False,False,False,False,False,False,False
2025-09-29 23:03:10,23.0,85.0,514.0,400.00704225352115,11.0,19.0,20.0,0,0,0,0,0,0,0,False,False,False,False,False,False,False
2025-09-29 23:03:20,23.0,85.0,516.0,401.0,11.0,19.0,20.0,0,0,0,0,0,0,1,False,False,False,False,False,False,False
2025-09-29 23:03:30,23.0,85.0,517.0,403.5,11.0,19.0,20.0,0,0,0,0,0,1,1,False,False,False,False,False,False,False
2025-09-29 23:03:40,23.0,85.0,519.5,406.0,11.0,19.0,20.0,0,0,0,0,0,0,1,False,False,False,False,False,False,False
2025-09-29 23:03:50,23.0,85.0,524.5,411.0,11.0,19.0,20.0,0,0,0,0,0,1,0,False,False,False,False,False,False,False
2025-09-29 23:04:00,23.0,85.0,537.5,417.5,11.0,19.5,20.0,0,0,0,0,0,0,1,False,False,False,False,False,False,False
2025-09-29 23:04:10,23.0,85.0,549.0,420.0,11.0,19.5,20.0,0,0,0,0,0,0,0,False,False,False,False,False,False,False
2025-09-29 23:04:20,23.0,85.0,554.0,421.5,11.0,19.5,20.0,0,0,0,0,0,0,0,False,False,False,False,False,False,False
2025-09-29 23:04:30,23.0,85.0,558.0,424.0,11.0,19.0,20.0,0,0,0,0,1,1,0,False,False,False,False,False,False,False
2025-09-29 23:04:40,23.0,85.0,559.0,425.5,11.0,19.0,20.0,0,0,0,0,0,0,0,False,False,False,False,False,False,False
2025-09-29 23:04:50,23.0,85.0,562.0,428.0,11.0,19.0,20.0,0,0,0,0,1,0,0,False,False,False,False,False,False,False
2025-09-29 23:05:00,23.0,85.0,565.5,433.0,11.0,19.0,20.0,0,0,0,0,0,0,1,False,False,False,False,False,False,False
2025-09-29 23:05:10,23.0,85.0,575.0,441.0,11.0,19.0,20.0,0,0,0,0,0,0,0,False,False,False,False,False,False,False
2025-09-29 23:05:20,23.0,85.0,615.5,461.5,11.0,19.0,20.0,0,0,0,0,0,0,0,False,False,False,False,False,False,False
2025-09-29 23:05:30,23.0,85.0,666.0,487.5,11.0,19.0,20.0,0,0,0,0,0,0,0,False,False,False,False,False,False,False
2025-09-29 23:05:40,23.0,85.0,713.5,501.5,11.0,19.0,20.0,0,0,0,0,0,0,1,False,False,False,False,False,False,False
2025-09-29 23:05:50,23.0,85.0,826.5,582.5,11.0,19.0,20.0,0,0,0,0,0,0,1,False,False,False,False,False,False,False
2025-09-29 23:06:00,23.0,85.0,1099.5,717.0,11.0,19.0,20.0,0,0,0,0,0,0,0,False,False,False,False,False,False,False
2025-09-29 23:06:10,23.0,85.0,1498.5,783.0,11.0,19.0,20.0,0,0,0,0,0,0,0,False,False,False,False,False,False,False
2025-09-29 23:06:20,23.0,85.0,1921.0,796.0,11.0,19.0,20.0,0,0,0,0,0,0,1,False,False,False,False,False,False,False
2025-09-29 23:06:30,23.0,85.0,2194.5,801.0,10.5,19.0,20.0,0,0,0,0,1,0,0,False,False,False,False,False,False,False
2025-09-29 23:06:40,23.0,85.0,2285.0,805.0,11.0,19.0,20.0,0,0,0,0,1,0,0,False,False,False,False,False,False,False
2025-09-29 23:06:50,23.0,85.0,2376.0,813.5,11.0,19.0,20.0,0,0,0,0,0,1,0,False,False,False,False,False,False,False
2025-09-29 23:07:00,23.05,85.0,2457.5,829.0,11.0,19.0,20.0,0,0,0,0,0,0,0,False,False,False,False,False,False,False
2025-09-29 23:07:10,23.1,85.0,2524.5,842.0,11.0,19.0,20.0,0,0,0,0,0,0,0,False,False,False,False,False,False,False
2025-09-29 23:07:20,23.1,85.0,2673.5,854.5,10.5,19.0,20.0,0,0,0,0,0,0,0,False,False,False,False,False,False,False
2025-09-29 23:07:30,23.1,85.0,2860.5,877.5,11.0,19.0,20.0,0,0,0,0,0,0,0,False,False,False,False,False,False,False
2025-09-29 23:07:40,23.1,85.0,3064.5,907.0,11.0,19.0,20.0,0,0,0,0,1,0,0,False,False,False,False,False,False,False
2025-09-29 23:07:50,23.1,85.0,3268.5,924.0,11.0,19.0,20.0,0,0,0,0,0,0,0,False,False,False,False,False,False,False
2025-09-29 23:08:00,23.1,85.0,3537.0,957.5,11.0,19.0,20.0,0,0,0,0,0,0,0,False,False,False,False,False,False,False
2025-09-29 23:08:10,23.1,85.0,3930.5,995.0,11.0,19.0,20.0,0,0,0,0,0,0,0,False,False,False,False,False,False,False
2025-09-29 23:08:20,23.1,85.0,4246.5,1004.0,11.0,19.0,20.0,0,0,0,0,0,0,0,False,False,False,False,False,False,False
2025-09-29 23:08:30,23.1,85.0,4384.5,1008.5,11.0,19.0,20.0,0,0,0,0,0,0,0,False,False,False,False,False,False,False
2025-09-29 23:08:40,23.1,85.0,4537.5,1030.0,11.0,19.0,20.0,0,0,0,0,0,0,0,False,False,False,False,False,False,False
2025-09-29 23:08:50,23.1,85.0,4816.0,1094.5,11.0,19.0,20.0,0,0,0,0,0,0,0,False,False,False,False,False,False,False
2025-09-29 23:09:00,23.1,85.0,5109.5,1151.5,11.0,19.0,20.0,0,0,0,0,0,1,1,False,False,False,False,False,False,False
2025-09-29 23:09:10,23.1,85.0,5616.0,1269.5,11.0,19.0,20.0,0,0,0,0,0,0,0,False,False,False,False,False,False,False
2025-09-29 23:09:20,23.1,85.0,7147.5,1516.5,11.0,19.0,20.0,0,0,0,0,0,0,0,False,False,False,False,False,False,False
2025-09-29 23:09:30,23.1,85.0,9434.0,1662.5,11.0,19.0,20.0,0,0,0,0,0,1,1,False,False,False,False,False,False,False
2025-09-29 23:09:40,23.1,85.0,11854.0,1724.5,11.0,19.0,19.5,0,0,0,0,0,0,0,False,False,False,False,False,False,False
2025-09-29 23:09:50,23.1,85.0,14212.0,1786.5,11.0,19.0,19.5,0,0,0,0,0,0,0,False,False,False,False,False,False,False
2025-09-29 23:10:00,23.1,85.0,15869.5,1791.0,11.0,19.0,20.0,0,0,0,0,0,1,1,False,False,False,False,False,False,False
2025-09-29 23:10:10,23.1,85.0,18049.0,1797.5,11.0,19.0,20.0,0,0,0,0,1,1,1,False,False,False,False,False,False,False
2025-09-29 23:10:20,23.1,85.0,20541.5,1815.0,11.0,19.0,20.0,0,0,0,1,1,0,0,False,False,False,False,False,False,False
2025-09-29 23:10:30,23.1,85.0,22110.0,1828.5,11.0,19.0,20.0,0,0,0,0,0,0,0,False,False,False,False,False,False,False
2025-09-29 23:10:40,23.1,85.0,23051.0,1851.0,11.0,19.0,20.0,0,0,0,0,0,0,0,False,False,False,False,False,False,False
2025-09-29 23:10:50,23.1,85.0,25020.5,1946.0,11.0,19.0,20.0,0,0,0,0,1,1,0,False,False,False,False,False,False,False
2025-09-29 23:11:00,23.1,85.0,29709.0,2079.0,11.0,19.0,20.0,0,0,0,0,0,1,0,False,False,False,False,False,False,False
2025-09-29 23:11:10,23.1,85.0,34746.0,2172.5,11.0,19.0,20.0,0,0,0,0,0,0,1,False,False,False,False,False,False,False
2025-09-29 23:11:20,23.1,85.0,38353.5,2250.0,11.0,19.0,20.0,0,0,0,0,0,0,0,False,False,False,False,False,False,False
2025-09-29 23:11:30,23.1,85.0,41630.0,2326.0,11.0,19.0,20.0,0,0,0,0,1,0,1,False,False,False,False,False,False,False
2025-09-29 23:11:40,23.1,85.0,43948.0,2381.0,11.0,19.0,20.5,0,0,0,0,0,0,0,False,False,False,False,False,False,False
2025-09-29 23:11:50,23.15,85.0,46074.5,2419.0,11.5,19.0,20.5,0,0,0,0,0,0,0,False,False,False,False,False,False,False
2025-09-29 23:12:00,23.2,85.0,48236.0,2438.5,12.0,19.0,21.0,0,0,0,0,1,1,0,False,False,False,False,False,False,False
2025-09-29 23:12:10,23.2,85.0,49142.0,2492.5,12.0,19.0,21.0,0,0,0,0,1,0,0,False,False,False,False,False,False,False
2025-09-29 23:12:20,23.2,85.0,49542.5,2546.5,12.0,19.0,21.0,0,0,0,0,0,0,0,False,False,False,False,False,False,False
2025-09-29 23:12:30,23.2,85.0,49699.5,2593.0,12.0,19.0,21.0,0,0,0,0,0,0,0,False,False,False,False,False,False,False
2025-09-29 23:12:40,23.2,85.0,49699.5,2593.0,12.0,19.0,21.0,0,0,0,0,0,1,1,False,False,False,False,False,False,False
2025-09-29 23:12:50,23.2,85.0,49699.5,2643.5,12.0,19.0,21.0,0,0,0,0,0,0,0,False,False,False,False,False,False,False
2025-09-29 23:13:00,23.2,85.0,49699.5,2646.0,12.0,19.0,21.0,0,0,0,0,0,0,1,False,False,False,False,False,False,False
2025-09-29 23:13:10,23.2,85.0,49699.5,2646.0,12.0,19.0,21.0,0,0,0,0,0,0,0,False,False,False,False,False,False,False
2025-09-29 23:13:20,23.25,85.0,49699.5,2652.0,12.0,19.5,21.0,0,0,0,0,0,0,0,False,False,False,False,False,False,False
2025-09-29 23:13:30,23.3,85.0,49699.5,2652.0,12.0,19.0,21.0,0,0,0,0,1,0,0,False,False,False,False,False,False,False
2025-09-29 23:13:40,23.3,85.0,49699.5,2652.0,12.0,19.0,21.0,0,0,0,0,0,1,1,False,False,False,False,False,False,False
2025-09-29 23:13:50,23.3,85.0,49699.5,2652.0,12.0,19.0,21.0,0,0,0,0,0,0,0,False,False,False,False,False,False,False
2025-09-29 23:14:00,23.3,85.0,49699.5,2652.0,12.0,19.5,21.0,0,0,0,0,0,0,0,False,False,False,False,False,False,False
2025-09-29 23:14:10,23.3,85.0,49699.5,2652.0,11.5,20.0,21.0,0,0,0,0,0,0,0,False,False,False,False,False,False,False
2025-09-29 23:14:20,23.3,85.0,49699.5,2663.0,11.5,20.0,20.5,0,0,0,0,0,0,0,False,False,False,False,False,False,False
2025-09-29 23:14:30,23.3,85.0,49699.5,2663.0,11.5,20.0,20.5,0,0,0,0,0,1,0,False,False,False,False,False,False,False
2025-09-29 23:14:40,23.3,85.0,49542.5,2652.0,11.5,20.0,20.5,0,0,0,0,0,0,0,False,False,False,False,False,False,False
2025-09-29 23:14:50,23.3,85.0,49142.0,2651.0,11.5,20.0,20.5,0,0,0,0,0,1,0,False,False,False,False,False,False,False
2025-09-29 23:15:00,23.3,85.0,48549.5,2646.0,11.5,20.0,20.5,0,0,0,1,0,1,0,False,False,False,False,False,False,False
2025-09-29 23:15:10,23.3,85.0,47782.5,2641.0,11.5,20.0,20.0,0,0,0,1,0,0,0,False,False,False,False,False,False,False
2025-09-29 23:15:20,23.3,85.0,46632.5,2638.5,11.5,20.0,20.0,0,0,0,0,0,0,0,False,False,False,False,False,False,False
2025-09-29 23:15:30,23.3,85.0,45586.5,2638.5,12.0,20.0,20.0,0,0,0,0,0,0,0,False,False,False,False,False,False,False
2025-09-29 23:15:40,23.3,85.0,44959.0,2638.5,12.0,20.0,20.0,0,0,0,1,0,0,1,False,False,False,False,False,False,False
2025-09-29 23:15:50,23.3,85.0,44628.0,2640.0,12.0,20.0,20.0,0,0,0,0,0,0,0,False,False,False,False,False,False,False
2025-09-29 23:16:00,23.3,85.0,44087.5,2640.0,11.5,20.0,20.0,0,0,0,0,0,0,0,False,False,False,False,False,False,False
2025-09-29 23:16:10,23.3,85.0,43111.5,2637.5,11.5,19.5,20.0,0,0,0,0,0,0,0,False,False,False,False,False,False,False
2025-09-29 23:16:20,23.3,85.0,41979.0,2633.5,11.5,19.5,20.0,0,0,0,0,1,1,1,False,False,False,False,False,False,False
2025-09-29 23:16:30,23.3,85.0,41073.0,2630.0,11.0,19.0,20.0,0,0,0,0,0,0,0,False,False,False,False,False,False,False
2025-09-29 23:16:40,23.3,85.0,40637.0,2624.0,11.0,19.0,20.0,0,0,0,0,0,0,0,False,False,False,False,False,False,False
2025-09-29 23:16:50,23.3,85.0,40027.0,2605.5,11.0,19.0,20.0,0,0,0,0,0,0,1,False,False,False,False,False,False,False
2025-09-29 23:17:00,23.3,85.0,38772.0,2591.0,11.0,19.0,20.0,0,0,0,0,1,0,1,False,False,False,False,False,False,False
2025-09-29 23:17:10,23.3,85.0,37586.5,2581.0,11.0,19.0,20.0,0,0,0,0,0,0,0,False,False,False,False,False,False,False
2025-09-29 23:17:20,23.25,85.0,37116.0,2561.0,11.0,19.0,20.0,0,0,0,0,0,0,1,False,False,False,False,False,False,False
2025-09-29 23:17:30,23.2,85.0,36976.5,2549.0,11.0,19.0,20.0,0,0,1,0,0,0,1,False,False,False,False,False,False,False
2025-09-29 23:17:40,23.2,85.0,36576.0,2549.0,11.0,19.0,20.0,0,0,0,0,0,0,1,False,False,False,False,False,False,False
2025-09-29 23:17:50,23.2,85.0,36175.5,2547.0,11.0,19.0,20.0,0,0,0,0,1,1,0,False,False,False,False,False,False,False
2025-09-29 23:18:00,23.2,85.0,36140.5,2520.0,11.0,19.0,19.5,0,0,1,0,1,1,0,False,False,False,False,False,False,False
2025-09-29 23:18:10,23.2,85.0,36088.0,2489.0,10.5,19.0,19.0,0,0,0,0,0,0,0,False,False,False,False,False,False,False
2025-09-29 23:18:20,23.2,85.0,35791.5,2484.0,10.0,19.0,19.0,0,0,0,0,0,0,0,False,False,False,False,False,False,False
2025-09-29 23:18:30,23.2,85.0,34902.5,2484.0,10.0,19.0,19.0,0,0,0,0,0,1,1,False,False,False,False,False,False,False
2025-09-29 23:18:40,23.2,85.0,33316.5,2484.0,10.0,19.0,19.0,0,0,0,0,0,1,0,False,False,False,False,False,False,False
2025-09-29 23:18:50,23.2,85.0,31783.0,2479.0,10.0,19.0,19.0,0,0,0,0,0,0,0,False,False,False,False,False,False,False
2025-09-29 23:19:00,23.2,85.0,30999.0,2474.0,10.0,19.0,19.0,0,0,0,0,0,0,0,False,False,False,False,False,False,False
2025-09-29 23:19:10,23.2,85.0,30737.5,2473.0,10.0,19.0,19.0,0,0,1,0,0,0,0,False,False,False,False,False,False,False
2025-09-29 23:19:20,23.2,85.0,30685.0,2466.0,10.0,19.0,19.0,0,0,0,0,0,0,0,False,False,False,False,False,False,False
2025-09-29 23:19:30,23.2,85.0,30667.5,2457.5,10.0,19.0,19.0,0,0,0,0,0,0,0,False,False,False,False,False,False,False
2025-09-29 23:19:40,23.2,85.0,30301.5,2451.0,10.0,19.0,19.0,0,0,0,0,0,0,0,False,False,False,False,False,False,False
2025-09-29 23:19:50,23.2,85.0,29901.0,2443.5,10.0,18.5,19.0,0,0,0,0,0,0,0,False,False,False,False,False,False,False
2025-09-29 23:20:00,23.2,85.0,29657.0,2443.5,10.0,18.5,19.0,0,0,0,0,0,0,0,False,False,False,False,False,False,False
2025-09-29 23:20:10,23.2,85.0,29395.5,2437.5,10.0,19.0,19.0,0,0,0,0,0,1,0,False,False,False,False,False,False,False
2025-09-29 23:20:20,23.2,85.0,29099.5,2434.0,10.5,19.0,19.0,0,0,0,0,0,0,1,False,False,False,False,False,False,False
2025-09-29 23:20:30,23.2,85.0,28646.0,2433.0,10.5,19.0,19.0,0,0,0,0,0,0,0,False,False,False,False,False,False,False
2025-09-29 23:20:40,23.2,85.0,28384.5,2428.0,10.5,19.0,19.0,0,0,0,0,0,0,0,False,False,False,False,False,False,False
2025-09-29 23:20:50,23.2,85.0,28280.0,2421.5,11.0,19.0,19.0,0,0,0,0,0,0,0,False,False,False,False,False,False,False
2025-09-29 23:21:00,23.2,85.0,28053.0,2410.5,11.0,19.0,19.0,0,0,0,0,0,0,0,False,False,False,False,False,False,False
2025-09-29 23:21:10,23.2,85.0,27547.5,2379.0,11.0,19.0,19.0,0,0,0,0,0,0,0,False,False,False,False,False,False,False
2025-09-29 23:21:20,23.2,85.0,25735.0,2357.0,11.0,19.0,19.0,0,0,0,0,0,1,0,False,False,False,False,False,False,False
2025-09-29 23:21:30,23.2,85.0,23521.5,2348.0,11.0,19.0,19.0,0,0,0,0,0,1,0,False,False,False,False,False,False,False
2025-09-29 23:21:40,23.15,85.0,22232.0,2333.0,11.0,19.0,19.0,0,0,0,0,1,0,0,False,False,False,False,False,False,False
2025-09-29 23:21:50,23.1,85.0,21605.0,2312.5,11.0,19.0,19.0,0,0,0,0,0,0,0,False,False,False,False,False,False,False
2025-09-29 23:22:00,23.1,85.0,21465.5,2271.0,11.0,19.0,19.5,1,0,0,0,1,1,1,False,False,False,False,False,False,False
2025-09-29 23:22:10,23.1,85.0,21291.0,2239.0,11.0,19.0,20.0,0,0,0,0,0,0,0,False,False,False,False,False,False,False
2025-09-29 23:22:20,23.1,85.0,20663.5,2234.0,11.0,19.0,20.0,0,0,0,0,0,1,0,False,False,False,False,False,False,False
2025-09-29 23:22:30,23.1,85.0,19147.0,2234.0,11.0,19.0,20.0,0,0,0,0,0,0,0,False,False,False,False,False,False,False
2025-09-29 23:22:40,23.1,85.0,17909.5,2232.5,11.0,19.0,20.0,0,0,0,0,0,0,0,False,False,False,False,False,False,False
2025-09-29 23:22:50,23.1,85.0,17265.0,2227.5,11.0,19.0,20.0,0,0,0,0,0,1,1,False,False,False,False,False,False,False
2025-09-29 23:23:00,23.1,85.0,16500.5,2216.5,11.0,19.0,20.0,0,0,0,0,0,0,0,False,False,False,False,False,False,False
2025-09-29 23:23:10,23.1,85.0,15844.5,2200.5,11.0,19.0,20.0,0,0,0,0,0,0,0,False,False,False,False,False,False,False
2025-09-29 23:23:20,23.1,85.0,15422.5,2200.5,11.0,19.0,20.0,0,0,0,1,0,0,0,False,False,False,False,False,False,False
2025-09-29 23:23:30,23.1,85.0,15253.5,2200.5,11.0,19.0,20.0,0,0,0,0,0,0,0,False,False,False,False,False,False,False
2025-09-29 23:23:40,23.1,85.0,15141.0,2191.0,11.0,19.0,19.5,0,0,0,0,0,0,0,False,False,False,False,False,False,False
2025-09-29 23:23:50,23.1,85.0,15068.0,2181.5,11.0,19.0,19.0,0,0,0,1,0,1,1,False,False,False,False,False,False,False
2025-09-29 23:24:00,23.1,85.0,15028.5,2181.5,10.5,19.0,19.0,0,0,0,0,0,0,0,False,False,False,False,False,False,False
2025-09-29 23:24:10,23.1,85.0,15028.5,2181.5,10.0,19.0,19.0,0,0,0,0,1,0,0,False,False,False,False,False,False,False
2025-09-29 23:24:20,23.1,85.0,15028.5,2181.5,10.0,18.5,19.0,0,0,0,0,0,0,0,False,False,False,False,False,False,False
2025-09-29 23:24:30,23.1,85.0,15028.5,2181.5,10.0,18.0,19.0,0,0,0,0,0,0,0,False,False,False,False,False,False,False
2025-09-29 23:24:40,23.1,85.0,15028.5,2181.5,10.0,18.0,19.0,0,0,0,0,0,0,0,False,False,False,False,False,False,False
2025-09-29 23:24:50,23.1,85.0,15028.5,2181.5,10.0,18.0,19.0,0,0,0,1,0,0,0,False,False,False,False,False,False,False
2025-09-29 23:25:00,23.1,85.0,15028.5,2181.5,10.5,18.0,19.0,0,0,0,0,0,0,0,False,False,False,False,False,False,False
2025-09-29 23:25:10,23.1,85.0,15028.5,2181.5,10.5,18.0,19.0,0,0,0,0,0,0,0,False,False,False,False,False,False,False
2025-09-29 23:25:20,23.1,85.0,15028.5,2181.5,10.0,18.0,19.0,0,0,0,1,1,0,0,False,False,False,False,False,False,False
2025-09-29 23:25:30,23.1,85.0,15028.5,2181.5,10.0,18.0,19.0,0,0,0,0,0,0,0,False,False,False,False,False,False,False
2025-09-29 23:25:40,23.1,85.0,15028.5,2197.0,10.0,18.0,19.0,0,0,0,0,0,0,0,False,False,False,False,False,False,False
2025-09-29 23:25:50,23.1,85.0,15028.5,2206.5,10.0,18.0,19.0,0,0,0,0,1,0,0,False,False,False,False,False,False,False
2025-09-29 23:26:00,23.1,85.0,15028.5,2227.5,10.0,17.5,18.5,0,0,0,0,0,1,0,False,False,False,False,False,False,False
2025-09-29 23:26:10,23.1,85.0,15068.0,2247.5,10.0,17.0,18.0,0,0,0,0,0,0,0,False,False,False,False,False,False,False
2025-09-29 23:26:20,23.1,85.0,15141.0,2261.0,10.0,17.0,18.0,0,0,0,0,0,0,0,False,False,False,False,False,False,False
2025-09-29 23:26:30,23.1,85.0,15354.5,2281.5,10.0,17.0,18.0,0,0,0,0,0,0,1,False,False,False,False,False,False,False
2025-09-29 23:26:40,23.1,85.0,15698.0,2313.5,10.0,17.0,18.0,0,0,0,0,0,1,0,False,False,False,False,False,False,False
2025-09-29 23:26:50,23.1,85.0,15917.5,2385.0,10.0,17.0,18.0,0,0,0,1,0,0,0,False,False,False,False,False,False,False
2025-09-29 23:27:00,23.1,85.0,16002.0,2436.5,10.0,17.0,18.0,0,0,0,0,0,0,0,False,False,False,False,False,False,False
2025-09-29 23:27:10,23.1,85.0,16171.0,2442.5,9.5,17.0,18.0,0,0,0,0,0,0,0,False,False,False,False,False,False,False
2025-09-29 23:27:20,23.1,85.0,16864.0,2445.0,9.0,17.0,18.0,0,0,0,1,0,0,0,False,False,False,False,False,False,False
2025-09-29 23:27:30,23.1,85.0,17962.0,2451.0,9.0,17.0,18.0,0,0,0,0,0,0,0,False,False,False,False,False,False,False
2025-09-29 23:27:40,23.1,85.0,18520.0,2458.5,9.5,17.0,18.0,0,0,0,0,0,0,0,False,False,False,False,False,False,False
2025-09-29 23:27:50,23.1,85.0,18868.5,2466.0,9.5,16.5,17.5,0,0,0,0,0,0,0,False,False,False,False,False,False,False
2025-09-29 23:28:00,23.1,85.0,19199.5,2483.0,9.5,16.5,17.5,0,0,0,0,0,0,1,False,False,False,False,False,False,False
2025-09-29 23:28:10,23.1,85.0,19269.5,2497.5,9.5,16.5,17.5,0,0,0,0,0,0,0,False,False,False,False,False,False,False
2025-09-29 23:28:20,23.1,85.0,19269.5,2501.0,9.0,16.5,17.5,0,0,0,0,0,0,0,False,False,False,False,False,False,False
2025-09-29 23:28:30,23.1,85.0,19269.5,2503.5,9.0,16.5,17.5,0,0,0,0,0,0,0,False,False,False,False,False,False,False
2025-09-29 23:28:40,23.1,85.0,19269.5,2503.5,9.0,16.5,18.0,0,0,0,0,0,0,0,False,False,False,False,False,False,False
2025-09-29 23:28:50,23.1,85.0,19269.5,2508.5,9.0,16.5,18.0,0,0,0,0,0,0,1,False,False,False,False,False,False,False
2025-09-29 23:29:00,23.1,85.0,19269.5,2508.5,9.0,16.0,18.0,0,0,0,0,0,0,0,False,False,False,False,False,False,False
2025-09-29 23:29:10,23.1,85.0,19269.5,2508.5,9.0,16.0,18.0,0,0,0,1,1,0,0,False,False,False,False,False,False,False
2025-09-29 23:29:20,23.1,85.0,19269.5,2508.5,9.0,16.0,18.0,0,0,0,0,0,0,0,False,False,False,False,False,False,False
2025-09-29 23:29:30,23.1,85.0,19269.5,2516.0,9.0,16.0,18.0,0,0,0,0,0,0,0,False,False,False,False,False,False,False
2025-09-29 23:29:40,23.1,85.0,19269.5,2516.0,9.0,16.0,18.0,0,0,0,0,0,0,0,False,False,False,False,False,False,False
2025-09-29 23:29:50,23.1,85.0,19269.5,2516.0,9.0,16.0,18.0,0,0,0,0,0,0,0,False,False,False,False,False,False,False
2025-09-29 23:30:00,23.1,85.0,19269.5,2516.0,9.0,16.0,18.0,0,0,0,0,1,1,0,False,False,False,False,False,False,False
2025-09-29 23:30:10,23.1,85.0,19269.5,2521.0,9.0,16.0,18.0,0,0,0,0,0,0,1,False,False,False,False,False,False,False
2025-09-29 23:30:20,23.1,85.0,19269.5,2521.0,9.0,16.0,17.5,0,0,0,0,0,0,0,False,False,False,False,False,False,False
2025-09-29 23:30:30,23.1,85.0,19252.0,2524.5,9.0,16.0,17.5,0,0,0,0,0,0,0,False,False,False,False,False,False,False
2025-09-29 23:30:40,23.1,85.0,18973.0,2529.5,9.0,16.0,17.5,0,0,0,0,0,0,0,False,False,False,False,False,False,False
2025-09-29 23:30:50,23.1,85.0,18677.0,2537.0,9.0,16.0,17.0,0,0,0,0,0,0,0,False,False,False,False,False,False,False
2025-09-29 23:31:00,23.1,85.0,18311.0,2537.0,9.0,16.0,17.5,0,0,0,0,0,0,0,False,False,False,False,False,False,False
2025-09-29 23:31:10,23.1,85.0,17840.0,2548.0,9.0,16.0,17.5,0,0,1,0,0,1,0,False,False,False,False,False,False,False
2025-09-29 23:31:20,23.1,85.0,17543.5,2548.0,9.0,16.0,17.0,0,0,0,0,0,0,1,False,False,False,False,False,False,False
2025-09-29 23:31:30,23.1,85.0,17439.0,2548.0,9.0,16.0,17.0,0,0,0,0,0,0,0,False,False,False,False,False,False,False
2025-09-29 23:31:40,23.1,85.0,17439.0,2548.0,9.0,16.0,17.0,0,0,0,1,0,0,0,False,False,False,False,False,False,False
2025-09-29 23:31:50,23.1,85.0,17369.5,2548.0,9.0,16.0,17.0,0,0,0,0,0,1,0,False,False,False,False,False,False,False
2025-09-29 23:32:00,23.1,85.0,17282.5,2545.5,9.0,16.0,17.5,0,0,0,0,0,0,0,False,False,False,False,False,False,False
2025-09-29 23:32:10,23.1,85.0,17230.0,2540.5,9.0,16.0,17.5,0,0,0,0,0,0,1,False,False,False,False,False,False,False
2025-09-29 23:32:20,23.1,85.0,17143.0,2540.5,9.0,16.0,18.0,0,0,0,0,0,0,0,False,False,False,False,False,False,False
2025-09-29 23:32:30,23.1,85.0,17056.0,2534.5,9.0,16.0,18.0,0,0,0,0,0,0,0,False,False,False,False,False,False,False
2025-09-29 23:32:40,23.1,85.0,16986.0,2529.5,9.0,16.0,18.0,0,0,0,0,0,1,1,False,False,False,False,False,False,False
2025-09-29 23:32:50,23.1,85.0,16864.0,2524.5,9.0,16.5,18.0,0,0,0,0,0,0,0,False,False,False,False,False,False,False
2025-09-29 23:33:00,23.1,85.0,16724.5,2524.5,9.0,17.0,18.0,0,0,0,0,0,0,0,False,False,False,False,False,False,False
2025-09-29 23:33:10,23.1,85.0,16655.0,2529.5,9.0,17.0,18.0,0,0,0,0,0,1,1,False,False,False,False,False,False,False
2025-09-29 23:33:20,23.1,85.0,16620.5,2529.5,9.0,17.0,18.0,0,0,0,1,0,0,1,False,False,False,False,False,False,False
2025-09-29 23:33:30,23.1,85.0,16568.0,2524.5,9.0,17.0,18.0,0,0,0,0,1,0,0,False,False,False,False,False,False,False
2025-09-29 23:33:40,23.1,85.0,16480.5,2524.5,9.0,17.0,18.0,0,0,0,1,0,0,0,False,False,False,False,False,False,False
2025-09-29 23:33:50,23.1,85.0,16336.0,2524.5,9.0,17.0,18.0,0,0,0,0,0,1,1,False,False,False,False,False,False,False
2025-09-29 23:34:00,23.1,85.0,16216.0,2524.5,9.0,17.5,18.0,0,0,0,0,1,0,0,False,False,False,False,False,False,False
2025-09-29 23:34:10,23.1,85.0,16188.0,2524.5,9.0,17.5,18.0,0,0,0,0,1,0,0,False,False,False,False,False,False,False
2025-09-29 23:34:20,23.1,85.0,16182.0,2524.5,9.0,18.0,18.0,0,0,0,0,0,0,0,False,False,False,False,False,False,False
2025-09-29 23:34:30,23.1,85.0,15979.0,2521.0,9.0,18.0,18.0,0,0,0,0,0,1,0,False,False,False,False,False,False,False
2025-09-29 23:34:40,23.1,85.0,15771.0,2524.5,9.0,18.0,18.0,0,0,0,0,0,0,0,False,False,False,False,False,False,False
2025-09-29 23:34:50,23.1,85.0,15748.5,2533.0,9.0,18.0,18.0,0,0,0,0,0,0,0,False,False,False,False,False,False,False
2025-09-29 23:35:00,23.1,85.0,15579.5,2533.0,9.0,18.0,18.0,0,0,0,0,0,0,1,False,False,False,False,False,False,False
2025-09-29 23:35:10,23.1,85.0,15354.5,2527.0,9.0,17.5,18.0,0,0,0,0,1,0,1,False,False,False,False,False,False,False
2025-09-29 23:35:20,23.1,85.0,15281.5,2523.5,9.0,17.5,18.0,0,0,0,1,0,0,0,False,False,False,False,False,False,False
2025-09-29 23:35:30,23.1,85.0,15214.0,2518.5,9.0,17.0,18.0,0,0,0,0,0,0,0,False,False,False,False,False,False,False
2025-09-29 23:35:40,23.1,85.0,15141.0,2516.0,9.0,17.0,17.5,0,0,0,0,1,1,1,False,False,False,False,False,False,False
2025-09-29 23:35:50,23.1,85.0,15090.5,2515.0,9.0,17.0,17.5,0,0,0,0,0,0,0,False,False,False,False,False,False,False
2025-09-29 23:36:00,23.1,85.0,14955.0,2509.0,9.0,17.0,17.0,0,0,0,0,0,0,0,False,False,False,False,False,False,False
2025-09-29 23:36:10,23.1,85.0,14808.5,2499.0,9.0,17.0,17.0,0,0,0,0,0,1,0,False,False,False,False,False,False,False
2025-09-29 23:36:20,23.1,85.0,14724.5,2493.0,9.0,17.0,17.0,0,0,0,0,0,0,0,False,False,False,False,False,False,False
2025-09-29 23:36:30,23.1,85.0,14668.5,2492.0,9.0,17.0,17.0,0,0,0,0,0,0,0,False,False,False,False,False,False,False
2025-09-29 23:36:40,23.1,85.0,14617.5,2490.5,9.0,17.0,17.0,0,0,0,0,0,0,0,False,False,False,False,False,False,False
2025-09-29 23:36:50,23.1,85.0,14583.5,2488.0,9.0,17.0,17.0,0,0,0,0,0,0,0,False,False,False,False,False,False,False
2025-09-29 23:37:00,23.1,85.0,14572.5,2487.0,9.0,16.5,17.0,0,0,0,0,0,1,0,False,False,False,False,False,False,False
2025-09-29 23:37:10,23.1,85.0,14527.5,2485.5,9.0,16.5,17.0,0,0,0,0,0,0,0,False,False,False,False,False,False,False
2025-09-29 23:37:20,23.1,85.0,14409.0,2479.0,9.0,16.0,17.0,0,0,0,0,0,0,0,False,False,False,False,False,False,False
2025-09-29 23:37:30,23.1,85.0,14274.0,2474.0,9.0,16.0,17.0,0,0,0,0,0,0,0,False,False,False,False,False,False,False
2025-09-29 23:37:40,23.1,85.0,14190.0,2474.0,9.0,16.0,17.0,0,0,0,0,0,0,0,False,False,False,False,False,False,False
2025-09-29 23:37:50,23.1,85.0,14133.5,2473.0,9.0,16.0,17.0,1,0,0,0,0,0,0,False,False,False,False,False,False,False
2025-09-29 23:38:00,23.1,85.0,14020.5,2469.5,9.0,16.0,17.0,0,0,0,0,0,0,0,False,False,False,False,False,False,False
2025-09-29 23:38:10,23.1,85.0,13868.5,2469.5,9.0,16.0,17.0,0,0,0,0,0,0,1,False,False,False,False,False,False,False
2025-09-29 23:38:20,23.1,85.0,13773.0,2466.0,9.0,16.0,16.5,0,0,0,0,0,0,0,False,False,False,False,False,False,False
2025-09-29 23:38:30,23.1,85.0,13717.0,2463.5,9.0,16.0,16.0,0,0,0,0,0,0,0,False,False,False,False,False,False,False
2025-09-29 23:38:40,23.1,85.0,13677.5,2462.0,8.5,15.5,16.0,0,0,0,0,0,0,1,False,False,False,False,False,False,False
2025-09-29 23:38:50,23.1,85.0,13542.5,2462.0,8.0,15.0,15.5,0,0,0,0,0,0,0,False,False,False,False,False,False,False
2025-09-29 23:39:00,23.1,85.0,13385.0,2459.5,8.0,15.0,15.0,0,0,0,1,1,1,1,False,False,False,False,False,False,False
2025-09-29 23:39:10,23.1,85.0,13188.0,2462.0,8.0,14.5,15.0,0,0,0,0,0,0,0,False,False,False,False,False,False,False
2025-09-29 23:39:20,23.1,85.0,12991.0,2462.0,8.0,14.0,15.0,0,0,0,0,0,0,0,False,False,False,False,False,False,False
2025-09-29 23:39:30,23.1,85.0,12946.0,2462.0,8.0,14.0,15.0,0,0,0,0,1,0,0,False,False,False,False,False,False,False
2025-09-29 23:39:40,23.1,85.0,12890.0,2462.0,8.0,14.0,15.0,0,0,0,0,0,0,0,False,False,False,False,False,False,False
2025-09-29 23:39:50,23.1,85.0,12839.0,2459.5,8.0,14.0,15.0,1,0,1,0,0,1,1,False,False,False,False,False,False,False
2025-09-29 23:40:00,23.1,85.0,12833.0,2453.5,8.0,14.0,15.0,0,0,0,0,0,0,0,False,False,False,False,False,False,False
2025-09-29 23:40:10,23.1,85.0,12788.0,2446.0,8.0,14.0,15.0,0,0,0,0,0,0,0,False,False,False,False,False,False,False
2025-09-29 23:40:20,23.1,85.0,12732.0,2442.5,8.0,14.0,15.0,0,0,0,0,0,0,0,False,False,False,False,False,False,False
2025-09-29 23:40:30,23.1,85.0,12715.0,2434.0,8.0,14.0,15.0,0,0,1,0,0,0,0,False,False,False,False,False,False,False
2025-09-29 23:40:40,23.1,85.0,12675.5,2432.0629370629367,8.0,14.0,15.0,0,0,0,0,0,0,0,False,False,False,False,False,False,False
2025-09-29 23:40:50,23.1,85.0,12630.5,2430.5629370629367,8.0,14.0,15.0,0,0,0,0,0,0,0,False,False,False,False,False,False,False
2025-09-29 23:41:00,23.1,85.0,12574.0,2429.6258741258744,8.0,14.0,15.0,0,0,0,0,0,0,0,False,False,False,False,False,False,False
2025-09-29 23:41:10,23.1,85.0,12490.0,2428.6258741258744,8.0,14.0,15.5,0,0,0,0,0,1,1,False,False,False,False,False,False,False
2025-09-29 23:41:20,23.1,85.0,12439.5,2428.0,8.0,13.993006993006993,16.0,0,0,0,0,0,0,1,False,False,False,False,False,False,False
2025-09-29 23:41:30,23.1,85.0,12417.0,2428.0,8.0,13.97902097902098,16.0,0,0,0,0,0,0,0,False,False,False,False,False,False,False
2025-09-29 23:41:40,23.1,85.0,12389.0,2427.688811188811,8.0,13.97902097902098,16.36013986013986,0,0,0,0,1,0,0,False,False,False,False,False,False,False
2025-09-29 23:41:50,23.1,85.0,12321.5,2427.688811188811,8.0,13.97902097902098,16.702797202797203,0,0,0,0,0,0,1,False,False,False,False,False,False,False
2025-09-29 23:42:00,23.1,85.0,12254.0,2426.4405594405594,7.996503496503497,13.965034965034965,16.702797202797203,0,0,0,0,0,0,0,False,False,False,False,False,False,False
2025-09-29 23:42:10,23.1,85.0,12208.5,2426.4405594405594,7.98951048951049,13.95104895104895,16.667832167832167,0,0,0,0,1,0,0,False,False,False,False,False,False,False
2025-09-29 23:42:20,23.1,85.0,12135.0,2425.2517482517483,7.9825174825174825,13.937062937062937,16.632867132867133,0,0,0,1,0,0,0,False,False,False,False,False,False,False
2025-09-29 23:42:30,23.1,85.0,12056.5,2425.2517482517483,7.975524475524475,13.923076923076923,16.5979020979021,0,0,0,0,0,0,0,False,False,False,False,False,False,False
2025-09-29 23:42:40,23.1,85.0,11978.0,2424.3146853146854,7.968531468531468,13.90909090909091,16.562937062937063,0,0,0,0,0,0,0,False,False,False,False,False,False,False
2025-09-29 23:42:50,23.10034965034965,85.0,11910.6993006993,2422.6923076923076,7.961538461538462,13.895104895104895,16.527972027972027,0,0,0,0,0,0,0,True,True,True,True,True,True,True
2025-09-29 23:43:00,23.101048951048952,85.0,11866.097902097903,2420.877622377622,7.954545454545455,13.88111888111888,16.493006993006993,0,0,0,0,0,0,0,True,True,True,True,True,True,True
2025-09-29 23:43:10,23.101748251748255,85.0,11821.496503496503,2419.9405594405594,7.9475524475524475,13.867132867132867,16.493006993006993,0,0,0,0,0,0,0,True,True,True,True,True,True,True
2025-09-29 23:43:20,23.102447552447554,85.0,11776.895104895106,2419.9405594405594,7.94055944055944,13.853146853146853,16.493006993006993,0,0,0,0,0,0,0,True,True,True,True,True,True,True
2025-09-29 23:43:30,23.103146853146853,85.0,11732.293706293705,2418.944055944056,7.933566433566433,13.83916083916084,16.493006993006993,0,0,0,0,0,0,0,True,True,True,True,True,True,True
2025-09-29 23:43:40,23.103846153846156,85.0,11687.692307692309,2417.06993006993,7.933566433566433,13.825174825174825,16.493006993006993,0,0,0,0,0,0,0,True,True,True,True,True,True,True
2025-09-29 23:43:50,23.104545454545455,85.0,11643.090909090908,2417.06993006993,7.933566433566433,13.825174825174825,16.493006993006993,0,0,0,0,0,0,0,True,True,True,True,True,True,True
2025-09-29 23:44:00,23.105244755244755,85.0,11598.489510489511,2417.06993006993,7.933566433566433,13.825174825174825,16.493006993006993,0,0,0,0,0,0,0,True,True,True,True,True,True,True
2025-09-29 23:44:10,23.105944055944057,85.0,11553.88811188811,2415.195804195804,7.926573426573427,13.811188811188812,16.493006993006993,0,0,0,0,0,0,0,True,True,True,True,True,True,True
2025-09-29 23:44:20,23.10664335664336,85.0,11509.286713286714,2413.3216783216785,7.926573426573427,13.811188811188812,16.493006993006993,0,0,0,0,0,0,0,True,True,True,True,True,True,True
2025-09-29 23:44:30,23.107342657342656,85.0,11464.685314685314,2411.4475524475524,7.91958041958042,13.797202797202797,16.493006993006993,0,0,0,0,0,0,0,True,True,True,True,True,True,True
2025-09-29 23:44:40,23.10804195804196,85.0,11420.083916083917,2409.5734265734263,7.9125874125874125,13.797202797202797,16.493006993006993,0,0,0,0,0,0,0,True,True,True,True,True,True,True
2025-09-29 23:44:50,23.10874125874126,85.0,11375.482517482516,2407.6993006993007,7.9125874125874125,13.797202797202797,16.493006993006993,0,0,0,0,0,0,0,True,True,True,True,True,True,True
2025-09-29 23:45:00,23.10944055944056,85.0,11330.88111888112,2407.6993006993007,7.905594405594406,13.797202797202797,16.493006993006993,0,0,0,0,0,0,0,True,True,True,True,True,True,True
2025-09-29 23:45:10,23.11013986013986,85.0,11286.27972027972,2405.825174825175,7.898601398601398,13.797202797202797,16.493006993006993,0,0,0,0,0,0,0,True,True,True,True,True,True,True
2025-09-29 23:45:20,23.110839160839163,85.0,11241.678321678322,2403.951048951049,7.891608391608392,13.783216783216783,16.45804195804196,0,0,0,0,0,0,0,True,True,True,True,True,True,True
2025-09-29 23:45:30,23.11118881118881,85.0,11219.377622377622,2403.013986013986,7.888111888111888,13.776223776223777,16.44055944055944,0,0,0,0,0,0,0,True,True,True,True,True,True,True
2025-09-29 23:45:40,23.111538461538462,85.0,11197.076923076922,2402.076923076923,7.884615384615385,13.76923076923077,16.423076923076923,0,0,0,0,0,0,0,True,True,True,True,True,True,True
2025-09-29 23:45:50,23.111888111888113,85.0,11174.776223776224,2401.13986013986,7.881118881118881,13.762237762237762,16.405594405594407,0,0,0,0,0,0,0,True,True,True,True,True,True,True
2025-09-29 23:46:00,23.11223776223776,85.0,11152.475524475525,2400.2027972027972,7.8776223776223775,13.755244755244755,16.388111888111887,0,0,0,0,0,0,0,True,True,True,True,True,True,True
2025-09-29 23:46:10,23.112587412587413,85.0,11130.174825174825,2399.2657342657344,7.874125874125874,13.748251748251748,16.37062937062937,0,0,0,0,0,0,0,True,True,True,True,True,True,True
2025-09-29 23:46:20,23.112937062937064,85.0,11107.874125874125,2398.3286713286716,7.870629370629371,13.741258741258742,16.353146853146853,0,0,0,0,0,0,0,True,True,True,True,True,True,True
2025-09-29 23:46:30,23.113286713286715,85.0,11085.573426573426,2397.3916083916083,7.8671328671328675,13.734265734265735,16.335664335664337,0,0,0,0,0,0,0,True,True,True,True,True,True,True
2025-09-29 23:46:40,23.113636363636367,85.0,11063.272727272728,2396.4545454545455,7.863636363636363,13.727272727272727,16.31818181818182,0,0,0,0,0,0,0,True,True,True,True,True,True,True
2025-09-29 23:46:50,23.113986013986015,85.0,11040.972027972028,2395.5174825174827,7.86013986013986,13.72027972027972,16.3006993006993,0,0,0,0,0,0,0,True,True,True,True,True,True,True
2025-09-29 23:47:00,23.114335664335666,85.0,11018.671328671328,2394.5804195804194,7.856643356643357,13.713286713286713,16.283216783216783,0,0,0,0,0,0,0,True,True,True,True,True,True,True
2025-09-29 23:47:10,23.114685314685318,85.0,10996.37062937063,2393.6433566433566,7.853146853146853,13.706293706293707,16.265734265734267,0,0,0,0,0,0,0,True,True,True,True,True,True,True
2025-09-29 23:47:20,23.115034965034965,85.0,10974.06993006993,2392.7062937062938,7.84965034965035,13.6993006993007,16.248251748251747,0,0,0,0,0,0,0,True,True,True,True,True,True,True
2025-09-29 23:47:30,23.115384615384617,85.0,10951.76923076923,2391.769230769231,7.846153846153846,13.692307692307692,16.23076923076923,0,0,0,0,0,0,0,True,True,True,True,True,True,True
2025-09-29 23:47:40,23.115734265734268,85.0,10929.46853146853,2390.832167832168,7.8426573426573425,13.685314685314685,16.213286713286713,0,0,0,0,0,0,0,True,True,True,True,True,True,True
